slug,source_url,bytes
kernel-survival-protocol,https://v2.another-world.com/games/0dce09d6-f40b-11ed-a573-37ed5aeb30eb/modes/SurvivalFactory.jpg,499739
kernel-safe-night-remake,https://v2.another-world.com/games/0dce09d6-f40b-11ed-a573-37ed5aeb30eb/modes/SurvivalSafeNight.jpg,122273
starbase-expedition,https://v2.another-world.com/games/f72a0ae8-83fb-11ec-b677-036020e1a2e8.jpg,130316
starbase-survival,https://v2.another-world.com/games/f72a0ae8-83fb-11ec-b677-036020e1a2e8/modes/SwarmIncoming.jpg,206212
shmooter-invasion,https://v2.another-world.com/games/155018a8-0876-11eb-93d4-17c1d1ba34a3/modes/Invasion.jpg,463878
safe-night,https://v2.another-world.com/games/66d030c4-fc26-11eb-b33e-1b4429da219b.jpg,295119
ghost-tower-dancing,https://v2.another-world.com/games/84bca034-5dd3-11ee-a5c2-b372fba7cb83/modes/Dancing.jpg,170826
ghost-tower-fishing,https://v2.another-world.com/games/84bca034-5dd3-11ee-a5c2-b372fba7cb83/modes/Fishing.jpg,193856
ghost-tower-hunting,https://v2.another-world.com/games/84bca034-5dd3-11ee-a5c2-b372fba7cb83/modes/GhostMansion.jpg,345719
ghost-tower-miners,https://v2.another-world.com/games/84bca034-5dd3-11ee-a5c2-b372fba7cb83/modes/Miners.jpg,266250
ghost-tower-tavern,https://v2.another-world.com/games/84bca034-5dd3-11ee-a5c2-b372fba7cb83/modes/TavernV2.jpg,209192
ghost-tower-harvest,https://v2.another-world.com/games/84bca034-5dd3-11ee-a5c2-b372fba7cb83/modes/Harvest.jpg,129934
